#{"t_start": 1789982270.0175412, "env_id": "None"}
r,l,t
-31.8,120,3.553434
-33.45,120,8.36147
-36.65,120,10.356743
-39.55,120,12.269107
-35.2,120,14.167292
-34.75,120,16.077065
-34.05,120,18.00085
-32.0,120,19.920049
-32.4,120,21.856506
-33.0,120,23.747939
-32.8,120,25.647552
-30.5,120,27.573263
-35.95,120,29.443784
-37.35,120,31.362637
-34.8,120,33.257929
-30.5,120,35.148484
-32.6,120,37.130798
-31.7,120,39.595397
-33.05,120,44.517395
-34.1,120,46.461158
-29.05,120,48.366734
-31.1,120,50.295626
-33.55,120,52.185088
-32.9,120,54.100256
-31.7,120,55.999529
-33.7,120,57.898953
-31.95,120,59.81618
-32.65,120,61.707642
-30.4,120,63.620732
-31.85,120,65.519557
-32.65,120,67.424639
-30.95,120,69.326855
-32.55,120,71.202266
-32.6,120,73.088997
-31.4,120,75.44317
-30.55,120,80.246255
-32.15,120,82.162469
-30.95,120,84.066875
-31.6,120,85.968106
-31.65,120,87.868179
-35.8,120,89.75699
-33.3,120,91.649144
-32.45,120,93.522196
-29.75,120,95.415883
-32.3,120,97.306411
-29.95,120,99.198659
-31.15,120,101.085335
-29.75,120,102.995683
-31.55,120,104.896604
-30.65,120,106.818349
-33.6,120,108.709237
-32.95,120,114.092928
-32.05,120,115.993435
-32.0,120,117.900707
-31.25,120,119.800258
-31.05,120,121.691415
-31.25,120,123.571183
-31.2,120,125.452787
-32.6,120,127.354369
-31.15,120,129.249998
-33.05,120,131.158495
-30.05,120,133.06765
-31.15,120,134.976096
-31.4,120,136.940516
-30.9,120,138.8249
-31.6,120,140.70782
-31.6,120,142.605346
-31.2,120,144.504465
-32.25,120,149.805702
-30.65,120,151.708175
-31.5,120,153.591478
-31.2,120,155.482821
-30.4,120,157.372218
-32.2,120,159.260054
-31.55,120,161.16543
-32.7,120,163.064274
-29.95,120,164.952911
-32.7,120,166.83654
-30.0,120,168.715012
-31.05,120,170.612691
-31.95,120,172.49996
-30.8,120,174.38164
-33.35,120,176.29345
-32.9,120,178.181253
-29.45,120,180.055549
-31.15,120,185.384736
-29.75,120,187.267076
-31.5,120,189.127524
-31.5,120,191.024211
-29.1,120,192.907685
-31.85,120,194.767606
-30.2,120,196.67199
-30.9,120,198.575053
-30.1,120,200.543965
-30.9,120,202.412054
-32.95,120,204.36086
-31.65,120,206.243521
-31.8,120,208.128783
-32.3,120,210.011376
-30.0,120,211.90892
-31.1,120,213.835473
-32.25,120,215.71741
-31.05,120,221.011337
-30.85,120,222.916604
-29.9,120,224.785731
-29.25,120,226.681756
-31.25,120,228.60856
-30.6,120,230.576334
-31.45,120,232.540076
-31.45,120,234.448486
-31.65,120,236.335247
-29.45,120,238.229287
-31.8,120,240.132091
-29.45,120,242.013195
-31.05,120,243.90688
-32.7,120,245.810686
-30.9,120,247.694924
-30.45,120,249.647787
-31.45,120,254.492052
-29.9,120,256.871556
-30.9,120,258.806626
-30.25,120,260.73238
-27.95,120,262.640267
-30.4,120,264.597433
-32.15,120,266.493478
-31.35,120,268.401012
-32.85,120,270.302433
-31.6,120,272.208967
-29.85,120,274.136042
-29.8,120,276.044274
-32.55,120,277.933231
-28.5,120,279.827375
-32.5,120,281.739059
-30.15,120,283.630824
-31.65,120,285.516508
-31.7,120,290.341255
-29.25,120,292.733287
-30.0,120,294.636212
-29.55,120,296.538424
-30.95,120,298.419321
-31.55,120,300.31891
-31.45,120,302.207362
-30.1,120,304.094062
-30.05,120,305.979678
-29.45,120,307.862458
-29.95,120,309.73205
-31.35,120,311.638432
-30.0,120,313.517558
-30.45,120,315.409964
-29.8,120,317.339608
-31.9,120,319.231399
-31.55,120,321.128363
-31.05,120,325.943673
-30.45,120,328.408016
-31.6,120,330.304557
-28.6,120,332.194595
-29.2,120,334.08615
-27.65,120,335.786
-29.1,120,337.68346
-28.85,120,339.560394
-31.9,120,341.455822
-31.45,120,343.357666
-28.85,120,345.234378
-30.7,120,347.13831
-30.8,120,349.038189
-29.85,120,350.936036
-30.35,120,352.832196
-30.45,120,354.747339
-31.05,120,356.648242
-30.6,120,361.500604
-29.65,120,363.887374
-30.1,120,365.793828
-28.75,120,367.694734
-30.9,120,369.589807
-27.05,120,371.556646
-31.9,120,373.46372
-29.3,120,375.35315
-29.9,120,377.243962
-29.3,120,379.142656
-30.65,120,381.03396
-30.8,120,382.951499
-30.15,120,384.887305
-31.3,120,386.821935
-30.75,120,388.692696
-30.65,120,390.594507
-29.5,120,395.455157
-29.85,120,397.343669
-31.1,120,399.713219
-29.4,120,401.605118
-30.1,120,403.503739
-29.3,120,405.404156
-29.05,120,407.304843
-32.55,120,409.243929
-30.65,120,411.121471
-29.25,120,413.016969
-28.45,120,414.908096
-29.35,120,416.798733
-28.05,120,418.693193
-32.6,120,420.594095
-29.75,120,422.479706
-30.3,120,424.348951
-28.55,120,426.234179
-30.6,120,431.061156
-30.35,120,432.940879
-29.5,120,435.358036
-30.0,120,437.255761
-28.8,120,439.176232
-30.7,120,441.074232
-29.65,120,442.952988
-31.45,120,444.828761
-30.4,120,446.726251
-30.65,120,448.631498
-30.5,120,450.52109
-29.55,120,452.406431
-28.9,120,454.28273
-30.35,120,456.150216
-28.65,120,458.047441
-29.6,120,459.932889
-29.7,120,461.854993
-28.95,120,466.6668
-31.2,120,468.56055
-29.4,120,470.945987
-27.5,120,472.850189
-30.6,120,474.726549
-29.55,120,476.624716
-29.05,120,478.52417
-28.75,120,480.438484
-30.4,120,482.335095
-27.8,120,484.222505
-28.45,120,486.121421
-29.9,120,488.017494
-27.85,120,489.91122
-29.1,120,491.809873
-30.55,120,493.726439
-29.3,120,495.6231
-29.15,120,497.535621
-29.3,120,502.32063
-30.45,120,504.217251
-29.95,120,506.611632
-30.5,120,508.519398
-28.2,120,510.42085
-31.45,120,512.327623
-29.95,120,514.199162
-28.4,120,516.095888
-29.9,120,517.989398
-29.95,120,519.887588
-29.4,120,521.783061
-30.2,120,523.674132
-28.95,120,525.582248
-28.65,120,527.505337
-30.8,120,529.406377
-29.85,120,531.296304
-30.1,120,536.152684
-30.45,120,538.069586
-28.1,120,539.980192
-31.2,120,541.878234
-27.7,120,544.239597
-29.8,120,546.12903
-28.3,120,548.026685
-31.15,120,549.923455
-27.7,120,551.824099
-29.6,120,553.721807
-30.25,120,555.644786
-29.5,120,557.589928
-27.5,120,559.498946
-29.5,120,561.396057
-29.05,120,563.39978
-30.4,120,565.345636
-29.6,120,567.256619
-29.15,120,572.108814
-31.3,120,573.98189
-28.95,120,575.90113
-27.75,120,577.790885
-28.8,120,580.164078
-29.8,120,582.055042
-30.25,120,583.936755
-28.1,120,585.842368
-29.65,120,587.766191
-29.05,120,589.664284
-28.5,120,591.565683
-29.5,120,593.463817
-30.1,120,595.364266
-29.55,120,597.250395
-29.75,120,599.150552
-29.8,120,601.050667
-29.1,120,602.941901
-29.3,120,607.747347
-27.9,120,609.660561
-28.55,120,611.572352
-27.75,120,613.46414
-27.85,120,615.853941
-28.4,120,617.745456
-28.95,120,619.657208
-30.6,120,621.565849
-28.95,120,623.477533
-29.05,120,625.364036
-29.05,120,627.26098
-28.2,120,629.147936
-29.15,120,631.054587
-30.45,120,632.945899
-28.75,120,634.834447
-26.6,120,636.808038
-29.6,120,641.635087
-27.95,120,643.529106
-28.1,120,645.446534
-26.45,120,647.339634
-28.5,120,649.290723
-29.65,120,651.675999
-27.7,120,653.631141
-28.85,120,655.519941
-28.75,120,657.396843
-28.4,120,659.29898
-29.9,120,661.236752
-28.95,120,663.138558
-29.35,120,665.051152
-30.1,120,666.997647
-29.6,120,668.952761
-28.65,120,670.847023
-28.7,120,672.805517
-28.65,120,677.616264
-28.1,120,679.547139
-28.0,120,681.45353
-29.8,120,683.347019
-28.7,120,685.259953
-28.45,120,687.652582
-28.95,120,689.531959
-30.15,120,691.414236
-29.5,120,693.316078
-29.55,120,695.220567
-29.15,120,697.11539
-29.15,120,699.002209
-29.35,120,700.884657
-30.1,120,702.782419
-30.05,120,704.688423
-29.9,120,706.574959
-29.55,120,708.482086
-27.6,120,713.25195
-29.1,120,715.150666
-28.2,120,717.052773
-30.15,120,718.956985
-28.85,120,720.856807
-30.15,120,723.35864
-28.8,120,725.287541
-27.4,120,727.195284
-30.65,120,729.143451
-28.85,120,731.036523
-29.4,120,732.928553
-29.3,120,734.820805
-30.5,120,736.722544
-28.45,120,738.631365
-28.35,120,740.531457
-28.95,120,742.443975
-27.45,120,747.27246
-29.1,120,749.16468
-29.3,120,751.045504
-29.75,120,752.94263
-29.05,120,754.843484
-29.8,120,756.737603
-29.9,120,759.08521
-29.85,120,760.974269
-27.25,120,762.881041
-26.85,120,764.768238
-29.45,120,766.680928
-28.95,120,768.598696
-29.0,120,770.51649
-28.05,120,772.382076
-28.25,120,774.275027
-28.05,120,776.181931
-27.85,120,778.082407
-28.9,120,782.942708
-28.65,120,784.821971
-31.1,120,786.710194
-28.35,120,788.624847
-30.15,120,790.532629
-27.8,120,792.412964
-28.4,120,794.767558
-29.4,120,796.657047
-27.9,120,798.54941
-30.0,120,800.432434
-28.45,120,802.334008
-28.95,120,804.229263
-28.6,120,806.122674
-29.0,120,808.024838
-27.15,120,809.924266
-29.15,120,811.821146
-28.05,120,813.692148
-28.95,120,818.530361
-28.25,120,820.422661
-29.7,120,822.313259
-28.45,120,824.198559
-28.5,120,826.101062
-28.35,120,828.006336
-28.05,120,830.367467
-29.0,120,832.275457
-29.65,120,834.170465
-29.15,120,836.082628
-28.25,120,838.078712
-28.5,120,839.980249
-28.45,120,841.885325
-28.55,120,843.789515
-28.05,120,845.70027
-29.05,120,847.621303
-29.2,120,849.511163
-27.35,120,854.327041
-30.35,120,856.245034
-27.65,120,858.147812
-31.35,120,860.038038
-29.45,120,861.965115
-29.7,120,863.842607
-27.7,120,866.232556
-28.6,120,868.111189
-28.4,120,870.000284
-27.4,120,871.893884
-28.35,120,873.831303
-28.65,120,875.728112
-29.2,120,877.602614
-28.85,120,879.482896
-28.4,120,881.417467
-29.1,120,883.296931
-28.8,120,888.114887
-28.45,120,890.020473
-28.45,120,891.928133
-27.6,120,893.826881
-28.25,120,895.703846
-28.9,120,897.60857
-28.3,120,899.506195
-27.9,120,901.922644
-28.95,120,903.85628
-29.8,120,905.76071
-29.0,120,907.640501
-28.2,120,909.509078
-29.65,120,911.389143
-29.1,120,913.297994
-29.75,120,915.238954
-29.85,120,917.112427
-27.95,120,919.009789
-28.4,120,923.835244
-29.05,120,925.738898
-27.25,120,927.716122
-29.8,120,929.669896
-28.9,120,931.570709
-28.7,120,933.470741
-30.1,120,935.339494
-29.3,120,937.760875
-28.9,120,939.700195
-28.5,120,941.526399
-28.0,120,943.490746
-28.5,120,945.410187
-29.55,120,947.310214
-27.5,120,949.190506
-26.05,120,951.087299
-27.9,120,952.98745
-29.9,120,954.876733
-28.5,120,959.685835
-28.05,120,961.579992
-30.45,120,963.476081
-29.65,120,965.403276
-27.4,120,967.389882
-28.05,120,969.293577
-30.75,120,971.191474
-29.15,120,973.572031
-29.35,120,975.458295
-28.55,120,977.368899
-29.65,120,979.277887
-27.7,120,981.18433
-27.9,120,983.07885
-29.1,120,984.991005
-29.7,120,986.896964
-29.1,120,988.810974
-29.3,120,993.604197
-29.6,120,995.492176
-29.35,120,997.38433
-28.15,120,999.243745
-28.65,120,1001.108596
-31.75,120,1003.01596
-29.3,120,1004.914927
-28.7,120,1006.821821
-28.3,120,1009.207522
-29.5,120,1011.12865
-27.9,120,1013.022187
-29.25,120,1014.899081
-28.6,120,1016.84725
-30.85,120,1018.755185
-28.3,120,1020.641989
-27.65,120,1022.538656
-28.95,120,1024.432582
-27.9,120,1029.277495
-29.45,120,1031.179053
-30.35,120,1033.085023
-29.2,120,1034.987844
-28.95,120,1036.882589
-28.55,120,1038.749393
-29.3,120,1040.635982
-27.3,120,1042.551451
-29.1,120,1044.938581
-29.55,120,1046.824435
-28.15,120,1048.689665
-28.95,120,1050.564983
-29.65,120,1052.457745
-28.95,120,1054.338878
-28.65,120,1056.248837
-28.9,120,1058.143323
-28.45,120,1060.03298
-28.5,120,1064.839218
-28.2,120,1066.729861
-30.8,120,1068.623719
-26.7,120,1070.533577
-28.95,120,1072.426131
-30.1,120,1074.30236
-29.4,120,1076.195118
-27.6,120,1078.088595
-28.8,120,1079.996843
-29.35,120,1082.350533
-27.5,120,1084.309926
-29.95,120,1086.209374
-28.25,120,1088.107587
-30.8,120,1090.004698
-28.2,120,1091.895514
-30.25,120,1093.795379
-29.85,120,1095.691651
-26.95,120,1100.529516
-29.2,120,1102.418
-27.55,120,1104.326255
-29.65,120,1106.218139
-29.35,120,1108.126821
-27.55,120,1110.026001
-27.3,120,1111.92039
-27.45,120,1113.80405
-28.7,120,1115.675099
-28.65,120,1118.073896
-29.15,120,1120.009059
-28.65,120,1121.868956
-29.6,120,1123.75376
-30.45,120,1125.633207
-28.5,120,1127.498288
-29.85,120,1129.397752
-28.75,120,1134.210997
-27.8,120,1136.120821
-28.85,120,1138.001597
-29.8,120,1139.888001
-29.0,120,1141.771991
-28.45,120,1143.653204
-27.85,120,1145.541996
-27.85,120,1147.442866
-28.65,120,1149.314716
-26.85,120,1151.216675
-27.45,120,1153.578587
-26.9,120,1155.46698
-28.45,120,1157.371757
-29.25,120,1159.257401
-27.65,120,1161.15508
-26.85,120,1163.037238
-27.15,120,1164.916535
-28.2,120,1169.689649
-30.45,120,1171.588367
-27.25,120,1173.469763
-28.55,120,1175.358735
-28.05,120,1177.254043
-28.05,120,1179.143878
-27.6,120,1181.075804
-29.1,120,1182.952726
-26.5,120,1184.83373
-27.85,120,1186.741607
-28.0,120,1189.088303
-28.55,120,1190.982439
-29.3,120,1192.88664
-28.4,120,1194.759378
-29.4,120,1196.651527
-29.65,120,1198.561582
-29.9,120,1200.469836
-29.2,120,1205.359426
-28.25,120,1207.264941
-28.8,120,1209.174381
-28.05,120,1211.065708
-28.35,120,1212.95172
-29.25,120,1214.828509
-29.2,120,1216.737104
-29.15,120,1218.634678
-29.75,120,1220.559256
-28.75,120,1222.438055
-28.5,120,1224.968767
-26.75,120,1226.866794
-28.35,120,1228.757168
-26.65,120,1230.653814
-27.75,120,1232.558517
-28.3,120,1234.430014
-28.15,120,1236.368374
-27.85,120,1241.189234
-29.6,120,1243.082937
-26.85,120,1244.977404
-29.2,120,1246.889265
-27.9,120,1248.763275
-30.05,120,1252.656266
-28.8,120,1254.564462
-29.05,120,1256.462928
-28.9,120,1258.365137
-28.3,120,1260.267423
-29.0,120,1262.657421
-29.35,120,1264.61623
-29.6,120,1266.530673
-28.6,120,1268.462245
-27.7,120,1270.371172
-28.9,120,1275.248918
-28.75,120,1277.147939
-27.55,120,1279.115499
-27.15,120,1281.016073
-27.9,120,1282.904867
-27.2,120,1284.761506
-29.4,120,1286.651764
-26.35,120,1288.594881
-27.2,120,1290.481341
-28.75,120,1292.367035
-26.8,120,1294.263167
-28.5,120,1296.142085
-29.75,120,1298.532843
-29.15,120,1300.430438
-29.45,120,1302.32147
-28.35,120,1304.228951
-28.5,120,1306.12589
-29.15,120,1310.915478
-28.0,120,1312.810736
-27.6,120,1314.756088
-29.55,120,1316.663087
-27.4,120,1318.558602
-29.7,120,1320.454362
-28.8,120,1322.370276
-29.0,120,1324.23873
-29.0,120,1326.14777
-29.35,120,1328.06659
-28.3,120,1329.963462
-29.5,120,1331.883999
-29.25,120,1334.257623
-29.05,120,1336.161103
-29.5,120,1338.06236
-28.65,120,1339.977586
-28.5,120,1341.884375
-29.2,120,1346.723615
-29.45,120,1348.619032
-29.35,120,1350.512112
-28.25,120,1352.410465
-28.9,120,1354.315926
-28.65,120,1356.219653
-28.75,120,1358.098804
-27.75,120,1359.996372
-28.0,120,1361.916111
-29.05,120,1363.814016
-28.9,120,1365.690138
-29.6,120,1367.581231
-28.55,120,1369.960823
-27.35,120,1371.860356
-29.3,120,1373.753271
-27.8,120,1375.664459
-28.25,120,1380.540679
-29.4,120,1382.414359
-28.85,120,1384.303493
-28.95,120,1386.18323
-28.1,120,1388.087944
-27.95,120,1389.997627
-29.4,120,1391.90242
-27.25,120,1393.799752
-28.15,120,1395.697345
-29.2,120,1397.595872
-27.95,120,1399.490611
-27.8,120,1401.398207
-29.1,120,1403.284115
-29.4,120,1405.679673
-29.6,120,1407.583755
-29.65,120,1409.483922
-28.9,120,1411.372849
-28.45,120,1416.179908
-28.7,120,1418.064763
-25.85,120,1419.960559
-30.1,120,1421.857516
-28.85,120,1423.768635
-29.5,120,1425.652423
-27.05,120,1427.605241
-27.65,120,1429.48241
-28.15,120,1431.3763
-29.15,120,1433.267168
-28.0,120,1435.161391
-28.95,120,1437.067088
-27.95,120,1438.965977
-28.25,120,1441.356429
-27.9,120,1443.251926
-26.75,120,1445.151884
-28.0,120,1447.054491
-29.5,120,1451.910201
-28.8,120,1453.824722
-26.6,120,1455.70271
-29.2,120,1457.62259
-28.7,120,1459.527873
-29.65,120,1461.432754
-29.2,120,1463.330827
-28.65,120,1465.243211
-27.05,120,1467.123367
-28.35,120,1469.01903
-29.55,120,1470.899602
-28.9,120,1472.807359
-28.1,120,1474.710953
-29.1,120,1477.101004
-29.45,120,1479.0194
-27.35,120,1480.923823
-28.2,120,1482.831861
-27.1,120,1487.745331
-26.9,120,1489.638259
-29.35,120,1491.556887
-28.8,120,1493.515403
-28.35,120,1495.41784
-29.05,120,1497.308414
-27.2,120,1499.271881
-28.75,120,1501.176149
-28.5,120,1503.080764
-27.6,120,1504.982744
-28.7,120,1506.881269
-27.7,120,1508.805429
-28.35,120,1510.698492
-27.45,120,1513.077583
-28.9,120,1514.967161
-29.4,120,1516.886389
-27.2,120,1521.750536
-29.1,120,1523.673305
-27.5,120,1525.564584
-29.2,120,1527.454905
-27.55,120,1529.335162
-28.4,120,1531.229058
-30.1,120,1533.126531
-28.05,120,1535.034469
-28.4,120,1536.960611
-26.8,120,1538.853946
-29.5,120,1540.734926
-28.9,120,1542.617024
-27.8,120,1544.482493
-27.85,120,1546.366761
-28.95,120,1548.714483
-28.7,120,1550.603758
-27.85,120,1552.50865
-29.1,120,1557.359022
-28.05,120,1559.250954
-26.4,120,1561.128143
-28.1,120,1563.078808
-27.25,120,1564.998673
-26.6,120,1566.84834
-27.5,120,1568.73335
-28.25,120,1570.642241
-29.1,120,1572.525008
-27.2,120,1574.423834
-27.45,120,1576.315965
-27.7,120,1578.193545
-28.9,120,1580.093529
-28.35,120,1581.991585
-29.1,120,1584.34783
-26.95,120,1586.251423
-27.8,120,1588.139064
-29.05,120,1592.907094
-28.5,120,1594.781161
-28.15,120,1596.652982
-26.95,120,1598.556297
-28.3,120,1600.447358
-28.2,120,1602.341764
-29.4,120,1604.24372
-28.9,120,1606.137256
-28.05,120,1608.038174
-29.4,120,1609.91284
-29.45,120,1611.808532
-29.65,120,1613.681467
-28.9,120,1615.561762
-26.8,120,1617.521612
-27.5,120,1619.42869
-28.2,120,1621.839435
-27.95,120,1626.712181
-29.15,120,1628.579928
-28.75,120,1630.467938
-28.7,120,1632.339533
-27.1,120,1634.292502
-28.2,120,1636.176168
-28.05,120,1638.048887
-26.55,120,1639.934557
-28.6,120,1641.813515
-28.2,120,1643.717029
-28.35,120,1645.591473
-27.7,120,1647.480682
-29.3,120,1649.367735
-29.65,120,1651.251276
-27.95,120,1653.141067
-28.65,120,1655.017657
-28.25,120,1657.506538
-29.3,120,1662.306213
-28.35,120,1664.191236
-28.2,120,1666.072654
-27.05,120,1668.022049
-29.05,120,1669.900281
-26.45,120,1671.788252
-27.95,120,1673.766154
-28.75,120,1675.718679
-28.45,120,1677.624204
-28.35,120,1679.511996
-27.45,120,1681.41054
-28.85,120,1683.313185
-28.75,120,1685.199722
-28.25,120,1687.073732
-29.15,120,1688.971386
-27.6,120,1690.873616
-26.2,120,1693.253891
-28.75,120,1698.11911
-28.5,120,1700.012534
-27.6,120,1701.908798
-28.8,120,1703.813609
-27.8,120,1705.711351
-28.7,120,1707.611897
-26.6,120,1709.516112
-28.5,120,1711.409982
-27.75,120,1713.321903
-26.55,120,1715.199945
-27.8,120,1717.096214
-27.9,120,1718.996886
-29.55,120,1720.901682
-28.9,120,1722.796165
-28.0,120,1724.692046
-28.0,120,1726.582408
-27.95,120,1728.959609
-27.15,120,1733.762594
-29.45,120,1735.672461
-28.25,120,1737.569447
-29.65,120,1739.470523
-27.7,120,1741.359741
-29.85,120,1743.36622
-28.65,120,1745.258714
-27.25,120,1747.148275
-29.95,120,1749.018797
-28.3,120,1750.922276
-29.55,120,1752.888275
-28.85,120,1754.791039
-28.35,120,1756.727659
-28.7,120,1758.617855
-28.0,120,1760.515964
-28.1,120,1762.40431
-26.45,120,1767.702677
-27.15,120,1769.573095
-27.95,120,1771.469353
-28.65,120,1773.36509
-29.3,120,1775.286755
-28.65,120,1777.202986
-29.15,120,1779.105533
-26.9,120,1780.996819
-27.6,120,1782.885213
-28.35,120,1784.792742
-28.45,120,1786.695364
-27.85,120,1788.590549
-28.9,120,1790.470062
-27.1,120,1792.364334
-28.1,120,1794.364638
-28.45,120,1796.294247
-27.65,120,1798.195771
-28.5,120,1803.56075
-27.55,120,1805.449872
-28.35,120,1807.317451
-29.2,120,1809.215487
-28.3,120,1811.108153
-27.95,120,1813.008016
-28.45,120,1814.910232
-28.6,120,1816.824279
-27.85,120,1818.716423
-26.65,120,1820.592855
-28.85,120,1822.508089
-28.8,120,1824.402332
-27.45,120,1826.312589
-28.4,120,1828.182304
-27.65,120,1830.142053
-28.25,120,1832.042915
-26.8,120,1833.929583
-28.4,120,1839.231658
-29.65,120,1841.128262
-27.85,120,1843.008725
-27.15,120,1844.898665
-29.45,120,1846.79625
-28.05,120,1848.697574
-28.4,120,1850.593172
-26.85,120,1852.487777
-28.15,120,1854.362569
-26.95,120,1856.252408
-27.7,120,1858.138452
-28.45,120,1860.011745
-27.7,120,1861.887738
-27.45,120,1863.834413
-27.8,120,1865.73062
-27.75,120,1867.636165
-28.9,120,1869.575902
-26.2,120,1875.078704
-26.95,120,1876.95432
-27.3,120,1878.850704
-27.45,120,1880.741738
-28.1,120,1882.634108
-27.25,120,1884.522061
-28.5,120,1886.40224
-27.4,120,1888.302286
-27.4,120,1890.206811
-28.05,120,1892.11328
-29.15,120,1893.996017
-26.85,120,1895.884197
-27.3,120,1897.762446
-27.65,120,1899.643601
-29.15,120,1901.526939
-28.1,120,1903.39795
-28.75,120,1908.231019
-28.3,120,1910.586765
-26.95,120,1912.458632
-27.65,120,1914.326731
-28.75,120,1916.222165
-28.5,120,1918.107788
-28.25,120,1920.000929
-27.45,120,1921.900827
-28.15,120,1923.779413
-28.5,120,1925.673977
-28.1,120,1927.640293
-28.85,120,1929.533602
-26.6,120,1931.439348
-28.0,120,1933.340377
-27.1,120,1935.233233
-28.1,120,1937.132252
-29.05,120,1939.025034
-26.6,120,1943.852408
-27.55,120,1946.290084
-27.0,120,1948.201617
-27.45,120,1950.077043
-28.0,120,1951.986986
-27.25,120,1953.916021
-28.0,120,1955.808452
-28.6,120,1957.684255
-26.75,120,1959.570622
-26.35,120,1961.453764
-28.65,120,1963.346068
-27.6,120,1965.213005
-26.8,120,1967.15628
-29.25,120,1969.051499
-29.35,120,1970.962643
-28.6,120,1972.874101
-26.45,120,1974.787853
-27.7,120,1979.622247
-26.75,120,1982.006165
-28.6,120,1983.913086
-28.0,120,1985.879854
-28.75,120,1987.767596
-26.6,120,1989.662527
-27.95,120,1991.582855
-28.05,120,1993.487991
-27.4,120,1995.386272
-27.15,120,1997.313966
-27.95,120,1999.205538
-27.85,120,2001.112339
-28.5,120,2003.019258
-27.3,120,2004.922344
-28.65,120,2006.823114
-27.2,120,2008.716496
-27.35,120,2013.546014
-29.9,120,2015.444046
-26.65,120,2017.824046
-27.65,120,2019.702207
-27.25,120,2021.588872
-28.0,120,2023.462076
-26.3,120,2025.352879
-28.25,120,2027.308767
-28.6,120,2029.200214
-27.35,120,2031.103884
-27.9,120,2032.997574
-27.15,120,2034.848294
-29.9,120,2036.799885
-28.3,120,2038.757057
-26.55,120,2040.654909
-27.75,120,2042.551933
-26.85,120,2044.449024
-28.8,120,2049.23913
-28.7,120,2051.153805
-27.35,120,2053.543315
-27.7,120,2055.438891
-27.3,120,2057.331626
-28.1,120,2059.25409
-27.75,120,2061.170077
-28.7,120,2063.061495
-28.65,120,2064.983584
-28.85,120,2066.875221
-26.7,120,2068.763392
-27.45,120,2070.658293
-28.0,120,2072.556117
-28.35,120,2074.459354
-27.75,120,2076.328794
-28.9,120,2078.190999
-28.15,120,2080.08619
-28.7,120,2084.874512
-27.25,120,2086.772793
-28.25,120,2089.157543
-27.2,120,2091.037542
-28.15,120,2092.936093
-26.9,120,2094.81513
-29.1,120,2096.70262
-27.65,120,2098.552104
-28.0,120,2100.435599
-28.4,120,2102.338562
-28.6,120,2104.221838
-27.35,120,2106.104089
-26.55,120,2107.979046
-28.35,120,2109.865735
-28.0,120,2111.754348
-26.7,120,2113.702048
-28.55,120,2115.576816
-27.05,120,2120.437743
-27.4,120,2122.314781
